"EMPLOYEE_ID","TAXPAYERID","PAYMENTACCOUNTNO"
198,"123-45-6198","4321123454326198"
199,"123-45-6199","4321123454326199"
200,"123-45-6200","4321123454326200"
201,"123-45-6201","4321123454326201"
202,"123-45-6202","4321123454326202"
203,"123-45-6203","4321123454326203"
204,"123-45-6204","4321123454326204"
205,"123-45-6205","4321123454326205"
206,"123-45-6206","4321123454326206"
100,"123-45-6100","4321123454326100"
101,"123-45-6101","4321123454326101"
102,"123-45-6102","4321123454326102"
103,"123-45-6103","4321123454326103"
104,"123-45-6104","4321123454326104"
105,"123-45-6105","4321123454326105"
106,"123-45-6106","4321123454326106"
107,"123-45-6107","4321123454326107"
108,"123-45-6108","4321123454326108"
109,"123-45-6109","4321123454326109"
110,"123-45-6110","4321123454326110"
111,"123-45-6111","4321123454326111"
112,"123-45-6112","4321123454326112"
113,"123-45-6113","4321123454326113"
114,"123-45-6114","4321123454326114"
115,"123-45-6115","4321123454326115"
116,"123-45-6116","4321123454326116"
117,"123-45-6117","4321123454326117"
118,"123-45-6118","4321123454326118"
119,"123-45-6119","4321123454326119"
120,"123-45-6120","4321123454326120"
121,"123-45-6121","4321123454326121"
122,"123-45-6122","4321123454326122"
123,"123-45-6123","4321123454326123"
124,"123-45-6124","4321123454326124"
125,"123-45-6125","4321123454326125"
126,"123-45-6126","4321123454326126"
127,"123-45-6127","4321123454326127"
128,"123-45-6128","4321123454326128"
129,"123-45-6129","4321123454326129"
130,"123-45-6130","4321123454326130"
131,"123-45-6131","4321123454326131"
132,"123-45-6132","4321123454326132"
133,"123-45-6133","4321123454326133"
134,"123-45-6134","4321123454326134"
135,"123-45-6135","4321123454326135"
136,"123-45-6136","4321123454326136"
137,"123-45-6137","4321123454326137"
138,"123-45-6138","4321123454326138"
139,"123-45-6139","4321123454326139"
140,"123-45-6140","4321123454326140"
141,"123-45-6141","4321123454326141"
142,"123-45-6142","4321123454326142"
143,"123-45-6143","4321123454326143"
144,"123-45-6144","4321123454326144"
145,"123-45-6145","4321123454326145"
146,"123-45-6146","4321123454326146"
147,"123-45-6147","4321123454326147"
148,"123-45-6148","4321123454326148"
149,"123-45-6149","4321123454326149"
150,"123-45-6150","4321123454326150"
151,"123-45-6151","4321123454326151"
152,"123-45-6152","4321123454326152"
153,"123-45-6153","4321123454326153"
154,"123-45-6154","4321123454326154"
155,"123-45-6155","4321123454326155"
156,"123-45-6156","4321123454326156"
157,"123-45-6157","4321123454326157"
158,"123-45-6158","4321123454326158"
159,"123-45-6159","4321123454326159"
160,"123-45-6160","4321123454326160"
161,"123-45-6161","4321123454326161"
162,"123-45-6162","4321123454326162"
163,"123-45-6163","4321123454326163"
164,"123-45-6164","4321123454326164"
165,"123-45-6165","4321123454326165"
166,"123-45-6166","4321123454326166"
167,"123-45-6167","4321123454326167"
168,"123-45-6168","4321123454326168"
169,"123-45-6169","4321123454326169"
170,"123-45-6170","4321123454326170"
171,"123-45-6171","4321123454326171"
172,"123-45-6172","4321123454326172"
173,"123-45-6173","4321123454326173"
174,"123-45-6174","4321123454326174"
175,"123-45-6175","4321123454326175"
176,"123-45-6176","4321123454326176"
177,"123-45-6177","4321123454326177"
178,"123-45-6178","4321123454326178"
179,"123-45-6179","4321123454326179"
180,"123-45-6180","4321123454326180"
181,"123-45-6181","4321123454326181"
182,"123-45-6182","4321123454326182"
183,"123-45-6183","4321123454326183"
184,"123-45-6184","4321123454326184"
185,"123-45-6185","4321123454326185"
186,"123-45-6186","4321123454326186"
187,"123-45-6187","4321123454326187"
188,"123-45-6188","4321123454326188"
189,"123-45-6189","4321123454326189"
190,"123-45-6190","4321123454326190"
191,"123-45-6191","4321123454326191"
192,"123-45-6192","4321123454326192"
193,"123-45-6193","4321123454326193"
194,"123-45-6194","4321123454326194"
195,"123-45-6195","4321123454326195"
196,"123-45-6196","4321123454326196"
197,"123-45-6197","4321123454326197"
